{"cameraMode":{"drawMode":0,"name":"Shaded","section":"Shading Mode"},"sceneLighting":false,"audioPlay":false,"sceneViewState":{"showFog":true,"showMaterialUpdate":false,"showSkybox":false,"showFlares":true,"showImageEffects":true,"showParticleSystems":true,"showVisualEffectGraphs":true,"m_FxEnabled":true},"in2DMode":false,"pivot":{"x":-1.8384923934936524,"y":2.144742965698242,"z":0.10986850410699845},"rotation":{"x":0.10709342360496521,"y":-0.8874675631523132,"z":0.26218217611312868,"w":0.36387214064598086},"size":0.6112044453620911,"orthographic":false}