{"cameraMode":{"drawMode":0,"name":"Shaded","section":"Shading Mode"},"sceneLighting":false,"audioPlay":false,"sceneViewState":{"showFog":true,"showMaterialUpdate":false,"showSkybox":false,"showFlares":true,"showImageEffects":true,"showParticleSystems":true,"showVisualEffectGraphs":true,"m_FxEnabled":true},"in2DMode":false,"pivot":{"x":-0.40048134326934817,"y":1.2011923789978028,"z":-1.3596380949020386},"rotation":{"x":-0.005397658329457045,"y":0.9900684952735901,"z":-0.13539385795593263,"w":-0.03922127187252045},"size":2.273226022720337,"orthographic":false}