{"cameraMode":{"drawMode":0,"name":"Shaded","section":"Shading Mode"},"sceneLighting":false,"audioPlay":false,"sceneViewState":{"showFog":true,"showMaterialUpdate":false,"showSkybox":false,"showFlares":true,"showImageEffects":true,"showParticleSystems":true,"showVisualEffectGraphs":true,"m_FxEnabled":true},"in2DMode":false,"pivot":{"x":-0.00002002716064453125,"y":5.636092185974121,"z":0.0000057220458984375},"rotation":{"x":-0.1941322684288025,"y":-0.08987601101398468,"z":0.018273746594786645,"w":-0.9768547415733337},"size":13.341699600219727,"orthographic":false}