{"cameraMode":{"drawMode":0,"name":"Shaded","section":"Shading Mode"},"sceneLighting":false,"audioPlay":false,"sceneViewState":{"showFog":true,"showMaterialUpdate":false,"showSkybox":false,"showFlares":true,"showImageEffects":true,"showParticleSystems":true,"showVisualEffectGraphs":true,"m_FxEnabled":true},"in2DMode":false,"pivot":{"x":3.977661371231079,"y":3.6298530101776125,"z":0.6583062410354614},"rotation":{"x":-0.036893583834171298,"y":-0.7718867063522339,"z":0.044985536485910419,"w":-0.6331341862678528},"size":6.502301216125488,"orthographic":false}