{"cameraMode":{"drawMode":0,"name":"Shaded","section":"Shading Mode"},"sceneLighting":false,"audioPlay":false,"sceneViewState":{"showFog":true,"showMaterialUpdate":false,"showSkybox":false,"showFlares":true,"showImageEffects":true,"showParticleSystems":true,"showVisualEffectGraphs":true,"m_FxEnabled":true},"in2DMode":false,"pivot":{"x":0.043876826763153079,"y":2.1536214351654054,"z":-2.842355251312256},"rotation":{"x":0.02568173222243786,"y":-0.9715331792831421,"z":0.1248517856001854,"w":0.19979546964168549},"size":4.138669967651367,"orthographic":false}