{"cameraMode":{"drawMode":0,"name":"Shaded","section":"Shading Mode"},"sceneLighting":false,"audioPlay":false,"sceneViewState":{"showFog":true,"showMaterialUpdate":false,"showSkybox":false,"showFlares":true,"showImageEffects":true,"showParticleSystems":true,"showVisualEffectGraphs":true,"m_FxEnabled":false},"in2DMode":false,"pivot":{"x":10.275253295898438,"y":2.0114784240722658,"z":-19.528629302978517},"rotation":{"x":-0.002456321381032467,"y":-0.9853610396385193,"z":0.17046159505844117,"w":-0.014488610439002514},"size":5.508423328399658,"orthographic":false}