{"cameraMode":{"drawMode":0,"name":"Shaded","section":"Shading Mode"},"sceneLighting":false,"audioPlay":false,"sceneViewState":{"showFog":true,"showMaterialUpdate":false,"showSkybox":false,"showFlares":true,"showImageEffects":true,"showParticleSystems":true,"showVisualEffectGraphs":true,"m_FxEnabled":true},"in2DMode":false,"pivot":{"x":1.6399378776550294,"y":4.09954309463501,"z":-11.218324661254883},"rotation":{"x":-0.0008469525491818786,"y":-0.9854227900505066,"z":0.1717015951871872,"w":-0.0011105570010840893},"size":5.792949676513672,"orthographic":false}