{"cameraMode":{"drawMode":0,"name":"Shaded","section":"Shading Mode"},"sceneLighting":false,"audioPlay":false,"sceneViewState":{"showFog":true,"showMaterialUpdate":false,"showSkybox":false,"showFlares":true,"showImageEffects":true,"showParticleSystems":true,"showVisualEffectGraphs":true,"m_FxEnabled":true},"in2DMode":false,"pivot":{"x":0.6007702350616455,"y":1.0167359113693238,"z":-0.7558531761169434},"rotation":{"x":0.04627540707588196,"y":-0.3824789226055145,"z":0.019174683839082719,"w":0.9226279854774475},"size":1.941389560699463,"orthographic":false}